1,"ENGLISH, Bill"
2,"BENNETT, Paula"
3,"CARTER, David"
4,"JOYCE, Steven"
5,"BROWNLEE, Gerry"
6,"BRIDGES, Simon"
7,"ADAMS, Amy"
8,"COLEMAN, Jonathan"
9,"FINLAYSON, Christopher"
10,"WOODHOUSE, Michael"
11,"TOLLEY, Anne"
12,"GUY, Nathan"
13,"KAYE, Nikki"
14,"McCLAY, Todd"
15,"SMITH, Nick"
16,"COLLINS, Judith"
17,"BARRY, Maggie"
18,"GOLDSMITH, Paul"
19,"UPSTON, Louise"
20,"NGARO, Alfred"
21,"MITCHELL, Mark"
22,"WAGNER, Nicky"
23,"DEAN, Jacqui"
24,"BENNETT, David"
25,"MACINDOE, Tim"
26,"SIMPSON, Scott"
27,"ROSS, Jami-Lee"
28,"KURIGER, Barbara"
29,"DOOCEY, Matt"
30,"HUDSON, Brett"
31,"LEE, Melissa"
32,"BAKSHI, Kanwaljit Singh"
33,"YANG, Jian"
34,"PARMAR, Parmjeet"
35,"YOUNG, Jonathan"
36,"HAYES, Jo"
37,"McKELVIE, Ian"
38,"O'CONNOR, Simon"
39,"BAYLY, Andrew"
40,"BISHOP, Chris"
41,"DOWIE, Sarah"
42,"KORAKO, Nuk"
43,"MULLER, Todd"
44,"PUGH, Maureen"
45,"RETI, Shane"
46,"SCOTT, Alastair"
47,"SMITH, Stuart"
48,"WILLIS, Nicola"
49,"LOHENI, Agnes"
50,"GARCIA, Paulo"
51,"KING, Matt"
52,"HIATT, David"
53,"GREGORY, Matt"
54,"PIERCE, Adrienne"
55,"ELLIOTT, David"
56,"BUNGARD, Katrina"
57,"BEERAM, Bala"
58,"O'FALLON, Carolyn"
59,"MURRELL, Euon"
60,"BROWN, Simeon"
61,"FALLOON, Andrew"
62,"HIPANGO, Harete"
63,"LEE, Denise"
64,"PENK, Chris"
65,"STANFORD, Erica"